,R Correlation,P Value
197_OrthoGroups_Alignment.nwk,0.5062819787069072,1.999980000199998e-05
